"Country","Year","Total CO2 Emissions Excluding Land-Use Change and Forestry (MtCO2)","iso2","cumulative","cumulativeShare"
"China",1850,0,"CN",0,0
"European Union (28)",1850,176.7939,NA,176.7939,89.3548338185347
"India",1850,0,"IN",0,0
"Japan",1850,0,"JP",0,0
"Russian Federation",1850,0.0699,"RU",0.0699,0.035328723920427
"Switzerland",1850,0,"CH",0,0
"United States",1850,19.7929,"US",19.7929,10.0036895519974
"others",1850,1.19929999999999,NA,1.19929999999999,0.606147905547466
"China",1851,0,"CN",0,0
"European Union (28)",1851,173.9521,NA,350.746,88.473650064625
"India",1851,0,"IN",0,0
"Japan",1851,0,"JP",0,0
"Russian Federation",1851,0,"RU",0.0699,0.0176318707540992
"Switzerland",1851,0,"CH",0,0
"United States",1851,24.6331,"US",44.426,11.2062015754165
"others",1851,0,NA,1.19929999999999,0.30251648920445
"China",1852,0,"CN",0,0
"European Union (28)",1852,180.5253,NA,531.2713,87.7714817974614
"India",1852,0,"IN",0,0
"Japan",1852,0,"JP",0,0
"Russian Federation",1852,0,"RU",0.0699,0.0115481987783691
"Switzerland",1852,0,"CH",0,0
"United States",1852,26.7912,"US",71.2172,11.7658137630739
"others",1852,1.53150000000002,NA,2.73080000000002,0.451156240686273
"China",1853,0,"CN",0,0
"European Union (28)",1853,186.7797,NA,718.051,87.3296053456517
"India",1853,0,"IN",0,0
"Japan",1853,0,"JP",0,0
"Russian Federation",1853,0,"RU",0.0699,0.0085012616285766
"Switzerland",1853,0,"CH",0,0
"United States",1853,30.162,"US",101.3792,12.3297725736165
"others",1853,0,NA,2.73080000000002,0.332120819103249
"China",1854,0,"CN",0,0
"European Union (28)",1854,221.6207,NA,939.6717,87.2481223029518
"India",1854,0,"IN",0,0
"Japan",1854,0,"JP",0,0
"Russian Federation",1854,0,"RU",0.0699,0.00649018561373758
"Switzerland",1854,0,"CH",0,0
"United States",1854,33.1592,"US",134.5384,12.4918338794746
"others",1854,0,NA,2.73080000000002,0.253553631959867
"China",1855,0,"CN",0,0
"European Union (28)",1855,221.2612,NA,1160.9329,86.8211294608522
"India",1855,0,"IN",0,0
"Japan",1855,0,"JP",0,0
"Russian Federation",1855,0.2119,"RU",0.2818,0.0210745980944016
"Switzerland",1855,0,"CH",0,0
"United States",1855,38.1606,"US",172.699,12.915408148705
"others",1855,0.510299999999972,NA,3.24109999999999,0.24238779234835
"China",1856,0,"CN",0,0
"European Union (28)",1856,236.7713,NA,1397.7042,86.5120039454852
"India",1856,0,"IN",0,0
"Japan",1856,0,"JP",0,0
"Russian Federation",1856,0,"RU",0.2818,0.0174422332792859
"Switzerland",1856,0,"CH",0,0
"United States",1856,40.0365,"US",212.7355,13.1674315748245
"others",1856,1.65620000000001,NA,4.8973,0.303122246411097
"China",1857,0,"CN",0,0
"European Union (28)",1857,238.3139,NA,1636.0181,86.2084499365247
"India",1857,0,"IN",0,0
"Japan",1857,0,"JP",0,0
"Russian Federation",1857,0,"RU",0.2818,0.0148491885218829
"Switzerland",1857,0,"CH",0,0
"United States",1857,41.0551,"US",253.7906,13.373259277792
"others",1857,2.75900000000001,NA,7.65630000000002,0.403441597161435
"China",1858,0,"CN",0,0
"European Union (28)",1858,240.9763,NA,1876.9944,85.9611196283758
"India",1858,0.436,"IN",0.436,0.0199675865617776
"Japan",1858,0,"JP",0,0
"Russian Federation",1858,0.2976,"RU",0.5794,0.0265349074630595
"Switzerland",1858,0.1466,"CH",0.1466,0.0067138719953133
"United States",1858,41.6487,"US",295.4393,13.5302976983968
"others",1858,2.28679999999997,NA,9.94309999999999,0.455366307207364
"China",1859,0,"CN",0,0
"European Union (28)",1859,254.0134,NA,2131.0078,85.6634620904188
"India",1859,0.7035,"IN",1.1395,0.0458062683074329
"Japan",1859,0,"JP",0,0
"Russian Federation",1859,0.3156,"RU",0.895,0.0359777184161057
"Switzerland",1859,0.2052,"CH",0.3518,0.0141418562444536
"United States",1859,45.32,"US",340.7593,13.6980359140439
"others",1859,3.55430000000001,NA,13.4974,0.542576152569324
"China",1860,0,"CN",0,0
"European Union (28)",1860,280.6026,NA,2411.6104,85.4855177891774
"India",1860,0.7108,"IN",1.8503,0.0655884771293551
"Japan",1860,0,"JP",0,0
"Russian Federation",1860,0.4171,"RU",1.3121,0.0465106419723433
"Switzerland",1860,0.3041,"CH",0.6559,0.0232500038637756
"United States",1860,47.4341,"US",388.1934,13.7604788075807
"others",1860,3.95529999999997,NA,17.4527,0.618654280276438
"China",1861,0,"CN",0,0
"European Union (28)",1861,298.8897,NA,2710.5001,85.5275387620699
"India",1861,0.5496,"IN",2.3999,0.0757268152379303
"Japan",1861,0,"JP",0,0
"Russian Federation",1861,0.532,"RU",1.8441,0.0581890162007864
"Switzerland",1861,0.425,"CH",1.0809,0.0341068855330134
"United States",1861,45.6791,"US",433.8725,13.6904798717942
"others",1861,2.00459999999998,NA,19.4572999999999,0.613958649164122
"China",1862,0,"CN",0,0
"European Union (28)",1862,303.5413,NA,3014.0414,85.5847526298138
"India",1862,0.6082,"IN",3.0081,0.0854160445127737
"Japan",1862,0,"JP",0,0
"Russian Federation",1862,0.4779,"RU",2.322,0.0659339966618998
"Switzerland",1862,0.469,"CH",1.5499,0.0440099489346591
"United States",1862,47.4525,"US",481.325,13.6673905871184
"others",1862,0,NA,19.4572999999999,0.552496792958475
"China",1863,0,"CN",0,0
"European Union (28)",1863,319.7076,NA,3333.749,85.5005687600845
"India",1863,0.6742,"IN",3.6823,0.0944398466547
"Japan",1863,0,"JP",0,0
"Russian Federation",1863,0.5005,"RU",2.8225,0.0723885797417078
"Switzerland",1863,0.469,"CH",2.0189,0.0517786726804372
"United States",1863,54.8098,"US",536.1348,13.7502344453869
"others",1863,1.23089999999996,NA,20.6881999999999,0.530589695451689
"China",1864,0,"CN",0,0
"European Union (28)",1864,344.8006,NA,3678.5496,85.3598001069135
"India",1864,0.6375,"IN",4.3198,0.100239851190764
"Japan",1864,0,"JP",0,0
"Russian Federation",1864,0.5613,"RU",3.3838,0.0785202112272114
"Switzerland",1864,0.5716,"CH",2.5905,0.0601118881683584
"United States",1864,58.657,"US",594.7918,13.8019911851212
"others",1864,5.14000000000004,NA,25.8282,0.599336757378881
"China",1865,0,"CN",0,0
"European Union (28)",1865,369.3046,NA,4047.8542,85.2991574276463
"India",1865,0.6265,"IN",4.9463,0.104231822970394
"Japan",1865,0,"JP",0,0
"Russian Federation",1865,0.5365,"RU",3.9203,0.0826112479208372
"Switzerland",1865,0.6962,"CH",3.2867,0.0692595945569001
"United States",1865,58.8219,"US",653.6137,13.7733957643945
"others",1865,6.03030000000001,NA,31.8585,0.671344142511029
"China",1866,0,"CN",0,0
"European Union (28)",1866,380.0374,NA,4427.8916,85.2749559714893
"India",1866,0.7072,"IN",5.6535,0.10887844760807
"Japan",1866,0,"JP",0,0
"Russian Federation",1866,1.6953,"RU",5.6156,0.108148546986447
"Switzerland",1866,0.6888,"CH",3.9755,0.0765625309040212
"United States",1866,59.2322,"US",712.8459,13.7284080615155
"others",1866,4.64709999999997,NA,36.5055999999999,0.703046441496625
"China",1867,0,"CN",0,0
"European Union (28)",1867,397.8378,NA,4825.7294,85.1277668141751
"India",1867,0,"IN",5.6535,0.0997299661443799
"Japan",1867,0,"JP",0,0
"Russian Federation",1867,1.9433,"RU",7.5589,0.133341972422173
"Switzerland",1867,0.6742,"CH",4.6497,0.0820225388841467
"United States",1867,72.8623,"US",785.7082,13.8602020315489
"others",1867,3.00239999999997,NA,39.5079999999999,0.696936676825356
"China",1868,0,"CN",0,0
"European Union (28)",1868,402.5539,NA,5228.2833,84.8777092611223
"India",1868,0,"IN",5.6535,0.0917808201609417
"Japan",1868,0,"JP",0,0
"Russian Federation",1868,1.6186,"RU",9.1775,0.148990621212884
"Switzerland",1868,0.7694,"CH",5.4191,0.0879754917368284
"United States",1868,82.3521,"US",868.0603,14.0923828218189
"others",1868,3.68200000000002,NA,43.1899999999999,0.701160983948185
"China",1869,0,"CN",0,0
"European Union (28)",1869,421.0281,NA,5649.3114,84.5696222092946
"India",1869,0,"IN",5.6535,0.0846323251290851
"Japan",1869,0,"JP",0,0
"Russian Federation",1869,2.1958,"RU",11.3733,0.170257154575152
"Switzerland",1869,0.7438,"CH",6.1629,0.0922579917817349
"United States",1869,93.6958,"US",961.7561,14.3973918723058
"others",1869,2.62450000000001,NA,45.8144999999999,0.685838446913675
"China",1870,0,"CN",0,0
"European Union (28)",1870,426.5925,NA,6075.9039,84.1691853982661
"India",1870,0,"IN",5.6535,0.0783176458154806
"Japan",1870,0,"JP",0,0
"Russian Federation",1870,2.3829,"RU",13.7562,0.190563933734309
"Switzerland",1870,0.8977,"CH",7.0606,0.0978101300158809
"United States",1870,98.6202,"US",1060.3763,14.6893385503723
"others",1870,10.1147,NA,55.9291999999999,0.774784341795909
"China",1871,0,"CN",0,0
"European Union (28)",1871,453.5792,NA,6529.4831,83.7765418326886
"India",1871,0,"IN",5.6535,0.0725372394716979
"Japan",1871,0,"JP",0,0
"Russian Federation",1871,3.217,"RU",16.9732,0.21777466578244
"Switzerland",1871,1.1102,"CH",8.1708,0.104835460559892
"United States",1871,103.0207,"US",1163.397,14.926966797498
"others",1871,14.3209000000001,NA,70.2500999999999,0.901344003999421
"China",1872,0,"CN",0,0
"European Union (28)",1872,490.0425,NA,7019.5256,83.2539384591076
"India",1872,0,"IN",5.6535,0.0670524146359072
"Japan",1872,0,"JP",0,0
"Russian Federation",1872,3.3027,"RU",20.2759,0.240479004849419
"Switzerland",1872,1.2751,"CH",9.4459,0.112031556276522
"United States",1872,126.3054,"US",1289.7024,15.2963049582957
"others",1872,16.6102999999999,NA,86.8603999999999,1.03019360683484
"China",1873,0,"CN",0,0
"European Union (28)",1873,516.3178,NA,7535.8434,82.7601755426365
"India",1873,0,"IN",5.6535,0.0620878948241275
"Japan",1873,0,"JP",0,0
"Russian Federation",1873,3.0998,"RU",23.3757,0.256716724690963
"Switzerland",1873,1.2421,"CH",10.688,0.117377804878443
"United States",1873,139.5068,"US",1429.2092,15.6958681332405
"others",1873,14.0095,NA,100.8699,1.10777389972942
"China",1874,0,"CN",0,0
"European Union (28)",1874,477.3727,NA,8013.2161,82.2443969680235
"India",1874,0,"IN",5.6535,0.0580252288789168
"Japan",1874,0,"JP",0,0
"Russian Federation",1874,3.7648,"RU",27.1405,0.278559073916731
"Switzerland",1874,1.1688,"CH",11.8568,0.121693381758475
"United States",1874,134.2966,"US",1563.5058,16.0471888031333
"others",1874,20.9331,NA,121.803,1.25013654428915
"China",1875,0,"CN",0,0
"European Union (28)",1875,526.3531,NA,8539.5692,81.8593069098291
"India",1875,0,"IN",5.6535,0.0541937866859512
"Japan",1875,0,"JP",0,0
"Russian Federation",1875,4.3307,"RU",31.4712,0.301679225179253
"Switzerland",1875,1.2824,"CH",13.1392,0.125950827279393
"United States",1875,135.7475,"US",1699.2533,16.2888424631818
"others",1875,21.1183,NA,142.9213,1.37002678784449
"China",1876,0,"CN",0,0
"European Union (28)",1876,537.2947,NA,9076.8639,81.5397155168992
"India",1876,0,"IN",5.6535,0.0507867901021177
"Japan",1876,0,"JP",0,0
"Russian Federation",1876,5.3767,"RU",36.8479,0.331013807907283
"Switzerland",1876,1.4912,"CH",14.6304,0.131428505157871
"United States",1876,132.8237,"US",1832.077,16.4580012470005
"others",1876,22.8376999999999,NA,165.759,1.48905413293304
"China",1877,0,"CN",0,0
"European Union (28)",1877,535.719,NA,9612.5829,81.1692042481345
"India",1877,0,"IN",5.6535,0.0477384799684618
"Japan",1877,0,"JP",0,0
"Russian Federation",1877,5.4849,"RU",42.3328,0.357460604016786
"Switzerland",1877,1.418,"CH",16.0484,0.135513614915692
"United States",1877,147.1792,"US",1979.2562,16.7129534723895
"others",1877,21.0149,NA,186.7739,1.57712958057513
"China",1878,0,"CN",0,0
"European Union (28)",1878,539.4084,NA,10151.9913,80.8228616672307
"India",1878,1.9529,"IN",7.6064,0.0605566924575304
"Japan",1878,0,"JP",0,0
"Russian Federation",1878,7.1712,"RU",49.504,0.394115284946569
"Switzerland",1878,1.3593,"CH",17.4077,0.138587601926398
"United States",1878,143.9036,"US",2123.1598,16.9030730761979
"others",1878,24.3485999999999,NA,211.1225,1.68080567724087
"China",1879,0,"CN",0,0
"European Union (28)",1879,556.8221,NA,10708.8134,80.3347881792632
"India",1879,1.854,"IN",9.4604,0.0709695091046317
"Japan",1879,0,"JP",0,0
"Russian Federation",1879,7.3583,"RU",56.8623,0.426566478960752
"Switzerland",1879,1.4473,"CH",18.855,0.141445403383349
"United States",1879,175.469,"US",2298.6288,17.2437272789489
"others",1879,26.4893000000001,NA,237.6118,1.78250315033909
"China",1880,0,"CN",0,0
"European Union (28)",1880,625.8858,NA,11334.6992,79.8503032317364
"India",1880,2.0738,"IN",11.5342,0.0812557396790462
"Japan",1880,0,"JP",0,0
"Russian Federation",1880,8.632,"RU",65.4943,0.461392016027237
"Switzerland",1880,1.6708,"CH",20.5258,0.144599457396626
"United States",1880,198.6841,"US",2497.3129,17.5929849403967
"others",1880,27.7574999999999,NA,265.3693,1.86946461476398
"China",1881,0,"CN",0,0
"European Union (28)",1881,642.3375,NA,11977.0367,79.3954808034586
"India",1881,2.0189,"IN",13.5531,0.0898431655367103
"Japan",1881,0,"JP",0,0
"Russian Federation",1881,9.0942,"RU",74.5885,0.494445326355957
"Switzerland",1881,1.5645,"CH",22.0903,0.14643605371875
"United States",1881,210.1927,"US",2707.5056,17.9479878265762
"others",1881,25.1442,NA,290.5135,1.92580682435377
"China",1882,0,"CN",0,0
"European Union (28)",1882,663.8132,NA,12640.8499,78.890567024461
"India",1882,2.4036,"IN",15.9567,0.0995845311666281
"Japan",1882,0,"JP",0,0
"Russian Federation",1882,9.5766,"RU",84.1651,0.525267882713366
"Switzerland",1882,1.7257,"CH",23.816,0.148633814903107
"United States",1882,235.3937,"US",2942.8993,18.3664070303445
"others",1882,25.0712,NA,315.5847,1.96953971641135
"China",1883,0,"CN",0,0
"European Union (28)",1883,700.258,NA,13341.1079,78.3854418195447
"India",1883,2.682,"IN",18.6387,0.109511349836392
"Japan",1883,0,"JP",0,0
"Russian Federation",1883,10.8999,"RU",95.065,0.558552714094683
"Switzerland",1883,1.9163,"CH",25.7323,0.151189670277164
"United States",1883,253.8859,"US",3196.7852,18.7826544978458
"others",1883,26.9658999999999,NA,342.5506,2.01264994840122
"China",1884,0,"CN",0,0
"European Union (28)",1884,695.2986,NA,14036.4065,77.8611693569124
"India",1884,2.9862,"IN",21.6249,0.119955203721572
"Japan",1884,0,"JP",0,0
"Russian Federation",1884,11.0668,"RU",106.1318,0.588722338153569
"Switzerland",1884,1.9639,"CH",27.6962,0.1536332336017
"United States",1884,267.5892,"US",3464.3744,19.2171865266336
"others",1884,28.6953000000001,NA,371.2459,2.05933334097722
"China",1885,0,"CN",0,0
"European Union (28)",1885,696.1367,NA,14732.5432,77.3521355587462
"India",1885,2.6967,"IN",24.3216,0.127698773705656
"Japan",1885,0,"JP",0,0
"Russian Federation",1885,12.0542,"RU",118.186,0.620526908968845
"Switzerland",1885,2.0482,"CH",29.7444,0.156170786650982
"United States",1885,272.1619,"US",3736.5363,19.6184092911926
"others",1885,33.4943,NA,404.7402,2.12505868073572
"China",1886,0,"CN",0,0
"European Union (28)",1886,695.0622,NA,15427.6054,76.8333072559226
"India",1886,3.0265,"IN",27.3481,0.136200331528164
"Japan",1886,0,"JP",0,0
"Russian Federation",1886,12.363,"RU",130.549,0.65016644961333
"Switzerland",1886,2.0848,"CH",31.8292,0.158517322676027
"United States",1886,287.4628,"US",4023.9991,20.0405151176511
"others",1886,33.2487000000001,NA,437.9889,2.18129352260874
"China",1887,0,"CN",0,0
"European Union (28)",1887,721.2502,NA,16148.8556,76.3171228483255
"India",1887,3.3562,"IN",30.7043,0.145104018087315
"Japan",1887,0,"JP",0,0
"Russian Federation",1887,13.0844,"RU",143.6334,0.678790380225003
"Switzerland",1887,2.2607,"CH",34.0899,0.16110386708685
"United States",1887,307.3803,"US",4331.3794,20.4694637168287
"others",1887,33.5482000000002,NA,471.5371,2.22841516944663
"China",1888,0,"CN",0,0
"European Union (28)",1888,764.3753,NA,16913.2309,75.6462250975953
"India",1888,3.7263,"IN",34.4306,0.153994522586768
"Japan",1888,0,"JP",0,0
"Russian Federation",1888,13.6435,"RU",157.2769,0.703437672576917
"Switzerland",1888,2.3047,"CH",36.3946,0.162778721594639
"United States",1888,373.8746,"US",4705.254,21.0447492457139
"others",1888,40.2035999999998,NA,511.7407,2.28881473993245
"China",1889,0,"CN",0,0
"European Union (28)",1889,799.4057,NA,17712.6366,75.1922820036123
"India",1889,4.3785,"IN",38.8091,0.164749317529971
"Japan",1889,0,"JP",0,0
"Russian Federation",1889,14.7391,"RU",172.016,0.730228699048304
"Switzerland",1889,2.5465,"CH",38.9411,0.165309673475199
"United States",1889,335.5418,"US",5040.7958,21.3987870849348
"others",1889,41.5164,NA,553.2571,2.34864322139939
"China",1890,0,"CN",0,0
"European Union (28)",1890,834.4674,NA,18547.104,74.6036908801596
"India",1890,4.8292,"IN",43.6383,0.175530273822569
"Japan",1890,0,"JP",0,0
"Russian Federation",1890,16.6892,"RU",188.7052,0.759045962554515
"Switzerland",1890,2.8762,"CH",41.8173,0.1682055011199
"United States",1890,401.7503,"US",5442.5461,21.8920445394288
"others",1890,43.7717,NA,597.0288,2.40148284291459
"China",1891,0,"CN",0,0
"European Union (28)",1891,861.5886,NA,19408.6926,74.0219550788273
"India",1891,5.1992,"IN",48.8375,0.186259183226089
"Japan",1891,0,"JP",0,0
"Russian Federation",1891,18.3755,"RU",207.0807,0.789775931279993
"Switzerland",1891,3.5211,"CH",45.3384,0.172914120353779
"United States",1891,427.4239,"US",5869.97,22.3872192016717
"others",1891,43.2357,NA,640.2645,2.4418764846411
"China",1892,0,"CN",0,0
"European Union (28)",1892,846.4101,NA,20255.1027,73.4132699211171
"India",1892,5.7158,"IN",54.5533,0.197724800377718
"Japan",1892,0,"JP",0,0
"Russian Federation",1892,19.4531,"RU",226.5338,0.821056661719931
"Switzerland",1892,3.4698,"CH",48.8082,0.176902068285434
"United States",1892,450.4485,"US",6320.4185,22.907935655884
"others",1892,44.8387,NA,685.1032,2.48311089261577
"China",1893,0,"CN",0,0
"European Union (28)",1893,817.866,NA,21072.9687,72.8004674824378
"India",1893,6.0163,"IN",60.5696,0.209248884578102
"Japan",1893,0,"JP",0,0
"Russian Federation",1893,22.7986,"RU",249.3324,0.86136488583681
"Switzerland",1893,2.8762,"CH",51.6844,0.17855331800257
"United States",1893,454.0942,"US",6774.5127,23.4038069598476
"others",1893,52.0287000000001,NA,737.1319,2.54655846929709
"China",1894,0,"CN",0,0
"European Union (28)",1894,889.0292,NA,21961.9979,72.3635955566297
"India",1894,6.1335,"IN",66.7031,0.219783107746014
"Japan",1894,0,"JP",0,0
"Russian Federation",1894,23.2179,"RU",272.5503,0.898038501225705
"Switzerland",1894,3.5834,"CH",55.2678,0.182104412572806
"United States",1894,425.046,"US",7199.5587,23.7221566236929
"others",1894,56.3019999999999,NA,793.4339,2.61432179813292
"China",1895,0,"CN",0,0
"European Union (28)",1895,908.546,NA,22870.5439,71.8361502428125
"India",1895,7.6797,"IN",74.3828,0.233635632787949
"Japan",1895,0,"JP",0,0
"Russian Federation",1895,26.6829,"RU",299.2332,0.939888496173349
"Switzerland",1895,3.8472,"CH",59.115,0.185679625293208
"United States",1895,479.951,"US",7679.5097,24.1212633600872
"others",1895,60.8771999999999,NA,854.3111,2.68338264284578
"China",1896,0,"CN",0,0
"European Union (28)",1896,950.9631,NA,23821.507,71.3810514960521
"India",1896,8.31,"IN",82.6928,0.24778864809656
"Japan",1896,0,"JP",0,0
"Russian Federation",1896,27.1608,"RU",326.394,0.978038329900892
"Switzerland",1896,4.2099,"CH",63.3249,0.189752812359115
"United States",1896,480.8853,"US",8160.395,24.4525913378665
"others",1896,63.6868999999999,NA,917.997999999999,2.75077737572492
"China",1897,0,"CN",0,0
"European Union (28)",1897,994.1689,NA,24815.6759,70.9334018612606
"India",1897,8.9988,"IN",91.6916,0.262092281359218
"Japan",1897,0,"JP",0,0
"Russian Federation",1897,31.4035,"RU",357.7975,1.02273232269504
"Switzerland",1897,4.4408,"CH",67.7657,0.193702224750188
"United States",1897,500.2899,"US",8660.6849,24.7557972984911
"others",1897,72.8581000000001,NA,990.8561,2.83227401144377
"China",1898,0,"CN",0,0
"European Union (28)",1898,1021.9693,NA,25837.6452,70.4319195234785
"India",1898,9.9734,"IN",101.665,0.277132882773483
"Japan",1898,0,"JP",0,0
"Russian Federation",1898,35.2202,"RU",393.0177,1.07134341397732
"Switzerland",1898,4.7485,"CH",72.5142,0.197669495775467
"United States",1898,545.3204,"US",9206.0053,25.0950355345199
"others",1898,82.8642,NA,1073.7203,2.92689914947532
"China",1899,0.0953,"CN",0.0953,0.000247237839016034
"European Union (28)",1899,1083.4203,NA,26921.0655,69.8416165606411
"India",1899,10.9883,"IN",112.6533,0.292257696222717
"Japan",1899,0,"JP",0,0
"Russian Federation",1899,40.8584,"RU",433.8761,1.12560954212701
"Switzerland",1899,5.1223,"CH",77.6365,0.201413226534819
"United States",1899,625.5327,"US",9831.538,25.506067254187
"others",1899,95.2946999999999,NA,1169.015,3.03278848244836
"China",1900,0,"CN",0.0953,0.000235294375002551
"European Union (28)",1900,1131.3256,NA,28052.3911,69.2609636012762
"India",1900,13.0512,"IN",125.7045,0.310362662775531
"Japan",1900,0,"JP",0,0
"Russian Federation",1900,46.2847,"RU",480.1608,1.18551033931506
"Switzerland",1900,5.6719,"CH",83.3084,0.205687281326994
"United States",1900,662.737,"US",10494.275,25.9102190685193
"others",1900,97.5056000000002,NA,1266.5206,3.12702175241192
"China",1901,0,"CN",0.0953,0.000224084247099162
"European Union (28)",1901,1119.8233,NA,29172.2144,68.5942675764882
"India",1901,14.3959,"IN",140.1004,0.32942594598417
"Japan",1901,0,"JP",0,0
"Russian Federation",1901,47.5179,"RU",527.6787,1.24076058971421
"Switzerland",1901,5.1846,"CH",88.493,0.208078565357252
"United States",1901,721.5259,"US",11215.8009,26.3723431300168
"others",1901,117.7444,NA,1384.265,3.25490010819225
"China",1902,0.0953,"CN",0.1906,0.000427330577735673
"European Union (28)",1902,1122.5137,NA,30294.7281,67.9216351590668
"India",1902,15.8798,"IN",155.9802,0.349712009345886
"Japan",1902,0,"JP",0,0
"Russian Federation",1902,45.8947,"RU",573.5734,1.2859677460431
"Switzerland",1902,5.2359,"CH",93.7289,0.210142838339607
"United States",1902,764.4936,"US",11980.2945,26.860158290286
"others",1902,119.711,NA,1503.976,3.37195662634096
"China",1903,1.9639,"CN",2.1545,0.0045974279450901
"European Union (28)",1903,1172.3905,NA,31467.1186,67.1468138329563
"India",1903,16.1656,"IN",172.1458,0.367337160153117
"Japan",1903,0,"JP",0,0
"Russian Federation",1903,44.8938,"RU",618.4672,1.31973004799333
"Switzerland",1903,5.6719,"CH",99.4008,0.212108617166076
"United States",1903,894.4044,"US",12874.6989,27.4729638001767
"others",1903,125.1979,NA,1629.1739,3.47644911360938
"China",1904,2.0885,"CN",4.243,0.00863284544341723
"European Union (28)",1904,1188.2937,NA,32655.4123,66.4409915807132
"India",1904,18.0672,"IN",190.213,0.387009057348273
"Japan",1904,0,"JP",0,0
"Russian Federation",1904,49.9481,"RU",668.4153,1.35996369948512
"Switzerland",1904,5.9613,"CH",105.3621,0.214370663420663
"United States",1904,880.2247,"US",13754.9236,27.9858895886901
"others",1904,141.7525,NA,1770.9264,3.6031425648992
"China",1905,2.2973,"CN",6.5403,0.012679326771116
"European Union (28)",1905,1232.419,NA,33887.8313,65.6965103461847
"India",1905,18.4739,"IN",208.6869,0.404570034700427
"Japan",1905,0,"JP",0,0
"Russian Federation",1905,44.5849,"RU",713.0002,1.38225502250218
"Switzerland",1905,6.2398,"CH",111.6019,0.216356582783268
"United States",1905,984.4985,"US",14739.4221,28.5745224566623
"others",1905,144.3826,NA,1915.309,3.71310623039606
"China",1906,17.1109,"CN",23.6512,0.043655825652699
"European Union (28)",1906,1264.4734,NA,35152.3047,64.884779007989
"India",1906,21.3428,"IN",230.0297,0.424593106402324
"Japan",1906,0,"JP",0,0
"Russian Federation",1906,50.8543,"RU",763.8545,1.40993686899733
"Switzerland",1906,6.8956,"CH",118.4975,0.218724893463363
"United States",1906,1033.3396,"US",15772.7617,29.113657439655
"others",1906,200.0954,NA,2115.4044,3.90465285784029
"China",1907,16.8397,"CN",40.4909,0.0709801120793656
"European Union (28)",1907,1399.8244,NA,36552.1291,64.0754890668629
"India",1907,23.816,"IN",253.8457,0.444988781105508
"Japan",1907,0,"JP",0,0
"Russian Federation",1907,56.9615,"RU",820.816,1.43888161726552
"Switzerland",1907,7.9985,"CH",126.496,0.221746127095012
"United States",1907,1201.8067,"US",16974.5684,29.7562357846049
"others",1907,161.6652,NA,2277.0696,3.99167851098682
"China",1908,22.7315,"CN",63.2224,0.10574119845358
"European Union (28)",1908,1422.1296,NA,37974.2587,63.5129894677251
"India",1908,27.2492,"IN",281.0949,0.470138931853099
"Japan",1908,0,"JP",0,0
"Russian Federation",1908,57.3131,"RU",878.1291,1.46869501048622
"Switzerland",1908,8.0022,"CH",134.4982,0.224951929345443
"United States",1908,1050.9744,"US",18025.5428,30.1482148486661
"others",1908,155.936,NA,2433.0056,4.06926861347042
"China",1909,20.8372,"CN",84.0596,0.134139104352513
"European Union (28)",1909,1418.814,NA,39393.0727,62.861963293561
"India",1909,26.3185,"IN",307.4134,0.490558581553573
"Japan",1909,0,"JP",0,0
"Russian Federation",1909,60.4963,"RU",938.6254,1.49782262202674
"Switzerland",1909,8.0681,"CH",142.5663,0.227501865258122
"United States",1909,1163.353,"US",19188.8958,30.6209082142396
"others",1909,178.3529,NA,2611.3585,4.16710631900843
"China",1910,18.7487,"CN",102.8083,0.156560526696656
"European Union (28)",1910,1440.4995,NA,40833.5722,62.1829713217504
"India",1910,25.6956,"IN",333.109,0.507271499357506
"Japan",1910,0,"JP",0,0
"Russian Federation",1910,59.3308,"RU",997.9562,1.51972698986554
"Switzerland",1910,7.7897,"CH",150.356,0.228968036160527
"United States",1910,1269.2279,"US",20458.1237,31.1544361855739
"others",1910,179.5238,NA,2790.8823,4.25006544059549
"China",1911,27.8464,"CN",130.6547,0.19010888033685
"European Union (28)",1911,1472.088,NA,42305.6602,61.5567728718005
"India",1911,27.1136,"IN",360.2226,0.524141229959802
"Japan",1911,0,"JP",0,0
"Russian Federation",1911,61.5131,"RU",1059.4693,1.54157885153972
"Switzerland",1911,8.6104,"CH",158.9664,0.231303767221384
"United States",1911,1256.3856,"US",21714.5093,31.595656720249
"others",1911,205.8829,NA,2996.7652,4.36043767889281
"China",1912,9.7865,"CN",140.4412,0.19520117305618
"European Union (28)",1912,1517.5405,NA,43823.2007,60.9104748728749
"India",1912,31.2173,"IN",391.4399,0.544067749784207
"Japan",1912,0,"JP",0,0
"Russian Federation",1912,69.6807,"RU",1129.15,1.56942125641468
"Switzerland",1912,8.7606,"CH",167.727,0.233126085174392
"United States",1912,1341.2109,"US",23055.7202,32.0454654951329
"others",1912,242.4595,NA,3239.2247,4.50224336756274
"China",1913,10.7575,"CN",151.1987,0.200513569264428
"European Union (28)",1913,1642.0561,NA,45465.2568,60.2941752706327
"India",1913,34.4379,"IN",425.8778,0.564781825164385
"Japan",1913,0,"JP",0,0
"Russian Federation",1913,75.6976,"RU",1204.8476,1.59781990649179
"Switzerland",1913,9.2553,"CH",176.9823,0.23470673140462
"United States",1913,1440.1132,"US",24495.8334,32.4853784268039
"others",1913,246.4984,NA,3485.7231,4.62262427023821
"China",1914,15.1067,"CN",166.3054,0.211799728063838
"European Union (28)",1914,1462.3883,NA,46927.6451,59.7651217029411
"India",1914,34.7127,"IN",460.5905,0.586589146526734
"Japan",1914,0,"JP",0,0
"Russian Federation",1914,68.3168,"RU",1273.1644,1.62144989700009
"Switzerland",1914,8.4272,"CH",185.4095,0.236129925308812
"United States",1914,1315.6984,"US",25811.5318,32.8725069429562
"others",1914,209.7499,NA,3695.473,4.70640265720328
"China",1915,16.0886,"CN",182.394,0.223547942990561
"European Union (28)",1915,1388.1789,NA,48315.824,59.2174252941104
"India",1915,36.2773,"IN",496.8678,0.608977129885004
"Japan",1915,0,"JP",0,0
"Russian Federation",1915,62.7056,"RU",1335.87,1.63728516619407
"Switzerland",1915,8.9255,"CH",194.335,0.238183216010782
"United States",1915,1365.2687,"US",27176.8005,33.3087593278279
"others",1915,192.9874,NA,3888.4604,4.76582192298131
"China",1916,17.9646,"CN",200.3586,0.236026578488927
"European Union (28)",1916,1451.1393,NA,49766.9633,58.6265130095888
"India",1916,36.684,"IN",533.5518,0.628535065630366
"Japan",1916,0,"JP",0,0
"Russian Federation",1916,66.8311,"RU",1402.7011,1.65241093357437
"Switzerland",1916,8.4822,"CH",202.8172,0.23892286018521
"United States",1916,1516.2585,"US",28693.059,33.8010174864015
"others",1916,200.2403,NA,4088.7007,4.81657406613083
"China",1917,19.8516,"CN",220.2102,0.249132106427062
"European Union (28)",1917,1438.6117,NA,51205.575,57.9307986667235
"India",1917,38.3584,"IN",571.9102,0.647023583889949
"Japan",1917,0,"JP",0,0
"Russian Federation",1917,61.5085,"RU",1464.2096,1.65651555604021
"Switzerland",1917,6.1079,"CH",208.9251,0.236364847080129
"United States",1917,1668.4684,"US",30361.5274,34.3491413000168
"others",1917,269.8775,NA,4358.5782,4.93102393982237
"China",1918,21.0424,"CN",241.2526,0.262743895355143
"European Union (28)",1918,1349.8763,NA,52555.4513,57.237202818579
"India",1918,43.1583,"IN",615.0685,0.669860111767685
"Japan",1918,0,"JP",0,0
"Russian Federation",1918,24.5299,"RU",1488.7395,1.62135958492911
"Switzerland",1918,5.7452,"CH",214.6703,0.233793587464165
"United States",1918,1745.5846,"US",32107.112,34.9672819090192
"others",1918,239.5673,NA,4598.1455,5.00775809288572
"China",1919,24.2557,"CN",265.5083,0.280149992829703
"European Union (28)",1919,1142.7041,NA,53698.1554,56.6593882386287
"India",1919,47.1264,"IN",662.1949,0.698712230415645
"Japan",1919,0,"JP",0,0
"Russian Federation",1919,20.9522,"RU",1509.6917,1.59294499994939
"Switzerland",1919,4.6056,"CH",219.2759,0.231368065754354
"United States",1919,1476.9511,"US",33584.0631,35.4360863169148
"others",1919,236.5889,NA,4834.7344,5.10135015550745
"China",1920,26.7692,"CN",292.2775,0.297669874008234
"European Union (28)",1920,1331.0715,NA,55029.2269,56.0444886728999
"India",1920,38.1606,"IN",700.3555,0.713276709448977
"Japan",1920,0,"JP",0,0
"Russian Federation",1920,19.1059,"RU",1528.7976,1.55700315274385
"Switzerland",1920,7.2327,"CH",226.5086,0.230687570626481
"United States",1920,1736.0985,"US",35320.1616,35.9718009543069
"others",1920,256.4096,NA,5091.144,5.18507306596565
"China",1921,25.2889,"CN",317.5664,0.314015935801675
"European Union (28)",1921,1213.5585,NA,56242.7854,55.6139783348421
"India",1921,41.0441,"IN",741.3996,0.733110584737515
"Japan",1921,0,"JP",0,0
"Russian Federation",1921,20.7223,"RU",1549.5199,1.53219591695412
"Switzerland",1921,4.4664,"CH",230.975,0.228392647244141
"United States",1921,1421.9728,"US",36742.1344,36.3313490248557
"others",1921,215.139,NA,5306.283,5.24695755556482
"China",1922,26.6336,"CN",344.2,0.330241536654666
"European Union (28)",1922,1345.8118,NA,57588.5972,55.2531866156728
"India",1922,40.3919,"IN",781.7915,0.7500872350481
"Japan",1922,0,"JP",0,0
"Russian Federation",1922,25.2716,"RU",1574.7915,1.51092842786376
"Switzerland",1922,6.1519,"CH",237.1269,0.227510609640201
"United States",1922,1433.3238,"US",38175.4582,36.6273154516675
"others",1922,218.4954,NA,5524.7784,5.30073012345295
"China",1923,32.1516,"CN",376.3516,0.349182337896718
"European Union (28)",1923,1277.7504,NA,58866.3476,54.6167171294312
"India",1923,41.5754,"IN",823.3669,0.763927080657484
"Japan",1923,0,"JP",0,0
"Russian Federation",1923,27.9138,"RU",1602.7053,1.48700413021616
"Switzerland",1923,7.6651,"CH",244.792,0.227120179264319
"United States",1923,1894.0095,"US",40069.4677,37.17680597017
"others",1923,273.0142,NA,5797.7926,5.37924317236406
"China",1924,35.0938,"CN",411.4454,0.369653845521941
"European Union (28)",1924,1475.5502,NA,60341.8978,54.2128179531523
"India",1924,44.5066,"IN",867.8735,0.779721383934748
"Japan",1924,0,"JP",0,0
"Russian Federation",1924,33.2566,"RU",1635.9619,1.46979309396187
"Switzerland",1924,7.2327,"CH",252.0247,0.226425910999402
"United States",1924,1695.5929,"US",41765.0606,37.5228772985356
"others",1924,233.5352,NA,6031.3278,5.41871051389416
"China",1925,33.2215,"CN",444.6669,0.387077536279736
"European Union (28)",1925,1460.7564,NA,61802.6542,53.7985155254068
"India",1925,43.9204,"IN",911.7939,0.793706337051155
"Japan",1925,0,"JP",0,0
"Russian Federation",1925,32.8238,"RU",1668.7857,1.45265918676397
"Switzerland",1925,7.5368,"CH",259.5615,0.225945367044574
"United States",1925,1740.8946,"US",43505.9552,37.8714447878009
"others",1925,253.2465,NA,6284.5743,5.4706512596529
"China",1926,29.5905,"CN",474.2574,0.400273396347764
"European Union (28)",1926,1223.4903,NA,63026.1445,53.1940859915311
"India",1926,43.7921,"IN",955.586,0.806514887743185
"Japan",1926,0,"JP",0,0
"Russian Federation",1926,47.5584,"RU",1716.3441,1.44859496595825
"Switzerland",1926,7.4562,"CH",267.0177,0.225363023674419
"United States",1926,1888.5355,"US",45394.4907,38.3129645799222
"others",1926,364.953,NA,6649.5273,5.61220315482305
"China",1927,33.5293,"CN",507.7867,0.414944740828136
"European Union (28)",1927,1565.0031,NA,64591.1476,52.7815261815126
"India",1927,45.9319,"IN",1001.5179,0.818403840530363
"Japan",1927,0,"JP",0,0
"Russian Federation",1927,59.1257,"RU",1775.4698,1.4508490592786
"Switzerland",1927,8.5957,"CH",275.6134,0.22522120179942
"United States",1927,1844.8387,"US",47239.3294,38.6022542433229
"others",1927,334.1436,NA,6983.6709,5.70680073272793
"China",1928,34.1192,"CN",541.9059,0.42912920210822
"European Union (28)",1928,1562.1035,NA,66153.2511,52.3860173166738
"India",1928,44.1988,"IN",1045.7167,0.828091321947668
"Japan",1928,0,"JP",0,0
"Russian Federation",1928,65.6992,"RU",1841.169,1.45800107346384
"Switzerland",1928,8.9658,"CH",284.5792,0.225355075544657
"United States",1928,1827.7901,"US",49067.1195,38.8557014064318
"others",1928,362.9474,NA,7346.6183,5.81770460383001
"China",1929,35.8193,"CN",577.7252,0.442783956705138
"European Union (28)",1929,1695.3877,NA,67848.6388,52.001001072693
"India",1929,45.9942,"IN",1091.7109,0.836716265588081
"Japan",1929,0,"JP",0,0
"Russian Federation",1929,70.7534,"RU",1911.9224,1.46534817104254
"Switzerland",1929,10.2665,"CH",294.8457,0.225977585300929
"United States",1929,1960.3353,"US",51027.4548,39.1087983299614
"others",1929,376.7236,NA,7723.3419,5.919374618709
"China",1930,37.9224,"CN",615.6476,0.458309261829352
"European Union (28)",1930,1563.0532,NA,69411.692,51.6724524270805
"India",1930,46.7563,"IN",1138.4672,0.847514165650818
"Japan",1930,0,"JP",0,0
"Russian Federation",1930,96.1908,"RU",2008.1132,1.49490857815701
"Switzerland",1930,9.5557,"CH",304.4014,0.226606878567903
"United States",1930,1742.2137,"US",52769.6685,39.2835573747296
"others",1930,358.8359,NA,8082.1778,6.01665131398477
"China",1931,40.26,"CN",655.9076,0.476086550202197
"European Union (28)",1931,1422.4214,NA,70834.1134,51.4145112592646
"India",1931,42.8248,"IN",1181.292,0.857433627940053
"Japan",1931,0,"JP",0,0
"Russian Federation",1931,115.5569,"RU",2123.6701,1.54145305173557
"Switzerland",1931,10.098,"CH",314.4994,0.228277480527228
"United States",1931,1483.0773,"US",54252.7458,39.3790262331443
"others",1931,326.2576,NA,8408.4354,6.10321179718611
"China",1932,38.6002,"CN",694.5078,0.492999025029245
"European Union (28)",1932,1288.577,NA,72122.6904,51.1965683462246
"India",1932,39.8167,"IN",1221.1087,0.866808693228109
"Japan",1932,0,"JP",0,0
"Russian Federation",1932,130.1908,"RU",2253.8609,1.59991180264863
"Switzerland",1932,10.2262,"CH",324.7256,0.230507712371318
"United States",1932,1256.4076,"US",55509.1534,39.4033853995575
"others",1932,339.5895,NA,8748.0249,6.20981902094053
"China",1933,42.2203,"CN",736.7281,0.511085463836215
"European Union (28)",1933,1312.335,NA,73435.0254,50.9435896613462
"India",1933,39.0876,"IN",1260.1963,0.874227561715349
"Japan",1933,0,"JP",0,0
"Russian Federation",1933,145.4922,"RU",2399.3531,1.66448719957927
"Switzerland",1933,9.5667,"CH",334.2923,0.231906364372928
"United States",1933,1347.1832,"US",56856.3366,39.4425666175064
"others",1933,379.731,NA,9127.7559,6.33213713164361
"China",1934,49.2735,"CN",786.0016,0.53210769295927
"European Union (28)",1934,1414.8857,NA,74849.9111,50.6719242220722
"India",1934,43.6456,"IN",1303.8419,0.882675436529177
"Japan",1934,0,"JP",0,0
"Russian Federation",1934,175.9888,"RU",2575.3419,1.74345604002631
"Switzerland",1934,9.5557,"CH",343.848,0.232778363312058
"United States",1934,1434.3864,"US",58290.723,39.4616781142149
"others",1934,437.3363,NA,9565.0922,6.47538013088614
"China",1935,57.6237,"CN",843.6253,0.556943876839789
"European Union (28)",1935,1467.0606,NA,76316.9717,50.3828774306205
"India",1935,45.6021,"IN",1349.444,0.890874862261944
"Japan",1935,0,"JP",0,0
"Russian Federation",1935,199.211,"RU",2774.5529,1.83170211778034
"Switzerland",1935,9.4751,"CH",353.3231,0.233256561996247
"United States",1935,1490.2587,"US",59780.9817,39.466160757965
"others",1935,490.0328,NA,10055.125,6.63818439253621
"China",1936,65.0397,"CN",908.665,0.583921108038577
"European Union (28)",1936,1535.2929,NA,77852.2646,50.0289772452384
"India",1936,44.818,"IN",1394.262,0.895972676328551
"Japan",1936,0,"JP",0,0
"Russian Federation",1936,228.4386,"RU",3002.9915,1.92976523153245
"Switzerland",1936,9.9221,"CH",363.2452,0.233426553981604
"United States",1936,1710.696,"US",61491.6777,39.5154304146578
"others",1936,546.1127,NA,10601.2377,6.81250677022262
"China",1937,60.5732,"CN",969.2382,0.605606880038342
"European Union (28)",1937,1685.5919,NA,79537.8565,49.6974563320992
"India",1937,49.6435,"IN",1443.9055,0.902192159703572
"Japan",1937,0,"JP",0,0
"Russian Federation",1937,233.5836,"RU",3236.5751,2.02230179157279
"Switzerland",1937,10.4644,"CH",373.7096,0.233504111679025
"United States",1937,1789.5599,"US",63281.2376,39.5398704548593
"others",1937,600.3595,NA,11201.5972,6.99906827004779
"China",1938,55.3044,"CN",1024.5426,0.623838321830047
"European Union (28)",1938,1678.6926,NA,81216.5491,49.4523074934821
"India",1938,55.5756,"IN",1499.4811,0.913025747333369
"Japan",1938,0,"JP",0,0
"Russian Federation",1938,246.5361,"RU",3483.1112,2.12084714267171
"Switzerland",1938,10.4607,"CH",384.1703,0.233919170612277
"United States",1938,1513.4225,"US",64794.6601,39.4531101199036
"others",1938,627.9601,NA,11829.5573,7.20295200416692
"China",1939,67.1575,"CN",1091.7001,0.64752471907298
"European Union (28)",1939,1718.8536,NA,82935.4027,49.1918278055686
"India",1939,54.3994,"IN",1553.8805,0.921659743582951
"Japan",1939,0,"JP",0,0
"Russian Federation",1939,249.5615,"RU",3732.6727,2.21397601910899
"Switzerland",1939,11.8567,"CH",396.027,0.234897177274524
"United States",1939,1667.8601,"US",66462.5202,39.4211970131607
"others",1939,594.1352,NA,12423.6925,7.36891752223124
"China",1940,86.104,"CN",1177.8041,0.679415746279152
"European Union (28)",1940,1792.166,NA,84727.5687,48.8750585252069
"India",1940,57.697,"IN",1611.5775,0.929637729949479
"Japan",1940,0,"JP",0,0
"Russian Federation",1940,299.1877,"RU",4031.8604,2.32577679306717
"Switzerland",1940,8.3136,"CH",404.3406,0.233243686704741
"United States",1940,1871.4906,"US",68334.0108,39.4184422892819
"others",1940,644.5771,NA,13068.2696,7.53842522951071
"China",1941,107.6153,"CN",1285.4194,0.721175207990616
"European Union (28)",1941,1768.1218,NA,86495.6905,48.5277782384718
"India",1941,58.9574,"IN",1670.5349,0.937241459062375
"Japan",1941,0,"JP",0,0
"Russian Federation",1941,262.8515,"RU",4294.7119,2.40951688432762
"Switzerland",1941,6.6318,"CH",410.9724,0.23057307680933
"United States",1941,2039.2139,"US",70373.2247,39.4823860290212
"others",1941,640.7203,NA,13708.9899,7.69132910431705
"China",1942,113.8698,"CN",1399.2892,0.764000287613139
"European Union (28)",1942,1789.2314,NA,88284.9219,48.2028344987609
"India",1942,58.8988,"IN",1729.4337,0.944256444063068
"Japan",1942,0,"JP",0,0
"Russian Federation",1942,180.878,"RU",4475.5899,2.4436349332493
"Switzerland",1942,5.8441,"CH",416.8165,0.227578348980255
"United States",1942,2193.8933,"US",72567.118,39.6210440438307
"others",1942,570.8086,NA,14279.7985,7.79665144350265
"China",1943,97.3048,"CN",1496.594,0.795005177161295
"European Union (28)",1943,1787.5998,NA,90072.5217,47.8473928610385
"India",1943,51.2923,"IN",1780.726,0.945938837858313
"Japan",1943,0,"JP",0,0
"Russian Federation",1943,230.9005,"RU",4706.4904,2.50013312512274
"Switzerland",1943,6.1702,"CH",422.9867,0.224694617491699
"United States",1943,2267.1843,"US",74834.3023,39.7527036442438
"others",1943,656.1721,NA,14935.9706,7.9341317370836
"China",1944,97.8618,"CN",1594.4558,0.824788608488353
"European Union (28)",1944,1581.2343,NA,91653.756,47.4111442123206
"India",1944,52.4575,"IN",1833.1835,0.948278947631417
"Japan",1944,0,"JP",0,0
"Russian Federation",1944,216.2493,"RU",4922.7397,2.54646107287099
"Switzerland",1944,4.4518,"CH",427.4385,0.221107669230686
"United States",1944,2440.3816,"US",77274.6839,39.9730610313929
"others",1944,674.6757,NA,15610.6463,8.07515845806504
"China",1945,50.3544,"CN",1644.8102,0.832516817209934
"European Union (28)",1945,907.955,NA,92561.711,46.8498924904684
"India",1945,58.1953,"IN",1891.3788,0.95731693463133
"Japan",1945,0,"JP",0,0
"Russian Federation",1945,228.9588,"RU",5151.6985,2.60752008860669
"Switzerland",1945,1.6232,"CH",429.0617,0.217168571103635
"United States",1945,2355.3401,"US",79630.024,40.3045495065818
"others",1945,651.477200000001,NA,16262.1235,8.23103559139825
"China",1946,31.2759,"CN",1676.0861,0.82930696580478
"European Union (28)",1946,1281.0131,NA,93842.7241,46.43223566273
"India",1946,57.4992,"IN",1948.878,0.964281071780076
"Japan",1946,0,"JP",0,0
"Russian Federation",1946,257.315,"RU",5409.0135,2.67631392783586
"Switzerland",1946,5.7671,"CH",434.8288,0.215147988383493
"United States",1946,2253.0302,"US",81883.0542,40.5147368201612
"others",1946,650.1315,NA,16912.255,8.3679775633046
"China",1947,33.5916,"CN",1709.6777,0.825091051471524
"European Union (28)",1947,1448.7699,NA,95291.494,45.9877080813258
"India",1947,58.5984,"IN",2007.4764,0.968808807461354
"Japan",1947,0,"JP",0,0
"Russian Federation",1947,309.8575,"RU",5718.871,2.75992912969503
"Switzerland",1947,9.4495,"CH",444.2783,0.214408861794817
"United States",1947,2480.7662,"US",84363.8204,40.7140090088271
"others",1947,762.918900000001,NA,17675.1739,8.53004505942438
"China",1948,23.849,"CN",1733.5267,0.815419607594547
"European Union (28)",1948,1567.5484,NA,96859.0424,45.5607417790517
"India",1948,58.6203,"IN",2066.0967,0.971854520825314
"Japan",1948,0,"JP",0,0
"Russian Federation",1948,329.7315,"RU",6048.6025,2.84515322264456
"Switzerland",1948,10.2152,"CH",454.4935,0.213785522555997
"United States",1948,2577.0488,"US",86940.8692,40.8954124831148
"others",1948,815.4028,NA,18490.5767,8.69763286421309
"China",1949,59.3092,"CN",1792.8359,0.823185613871287
"European Union (28)",1949,1692.3536,NA,98551.396,45.2501488921168
"India",1949,61.8813,"IN",2127.978,0.977067045698156
"Japan",1949,0,"JP",0,0
"Russian Federation",1949,374.83,"RU",6423.4325,2.94933698375477
"Switzerland",1949,8.5335,"CH",463.027,0.212600141058075
"United States",1949,2159.9903,"US",89100.8595,40.9109086470027
"others",1949,842.3181,NA,19332.8948,8.87675267649818
"China",1950,78.6478,"CN",1871.4837,0.836663581055203
"European Union (28)",1950,1773.6864,NA,100325.0824,44.8512283117627
"India",1950,66.6042,"IN",2194.5822,0.981107664668416
"Japan",1950,102.559,"JP",102.559,0.0458499212199607
"Russian Federation",1950,417.8214,"RU",6841.2539,3.05844394310347
"Switzerland",1950,10.2336,"CH",473.2606,0.211575397834528
"United States",1950,2492.8207,"US",91593.6802,40.9477766106951
"others",1950,949.3389,NA,20282.2337,9.0673545696607
"China",1951,101.7236,"CN",1973.2073,0.85765337385339
"European Union (28)",1951,1969.6873,NA,102294.7697,44.4623605237831
"India",1951,69.7223,"IN",2264.3045,0.984178597888024
"Japan",1951,123.4841,"JP",226.0431,0.0982494983427638
"Russian Federation",1951,452.8361,"RU",7294.09,3.17037185991065
"Switzerland",1951,12.3,"CH",485.5606,0.211048624642873
"United States",1951,2569.6658,"US",94163.346,40.9280420715168
"others",1951,1086.9328,NA,21369.1665,9.28809545006237
"China",1952,128.2217,"CN",2101.429,0.888357772824998
"European Union (28)",1952,2010.0425,NA,104304.8122,44.0938002953808
"India",1952,73.4962,"IN",2337.8007,0.988281508992558
"Japan",1952,130.4384,"JP",356.4815,0.150698934578953
"Russian Federation",1952,484.9261,"RU",7779.0161,3.28850007179201
"Switzerland",1952,11.2338,"CH",496.7944,0.210014788382539
"United States",1952,2499.4013,"US",96662.7473,40.8631949528505
"others",1952,1143.856,NA,22513.0225,9.51715167519772
"China",1953,134.1061,"CN",2235.5351,0.919235876999391
"European Union (28)",1953,2049.5627,NA,106354.3749,43.7321503401685
"India",1953,74.8775,"IN",2412.6782,0.992075839513462
"Japan",1953,145.8052,"JP",502.2867,0.206536661034591
"Russian Federation",1953,513.0423,"RU",8292.0584,3.40963448771355
"Switzerland",1953,10.3398,"CH",507.1342,0.208529918001907
"United States",1953,2562.1289,"US",99224.8762,40.8005519993236
"others",1953,1152.9695,NA,23665.992,9.73128487724508
"China",1954,161.26,"CN",2396.7951,0.958988982390003
"European Union (28)",1954,2158.0526,NA,108512.4275,43.4172376374159
"India",1954,78.7394,"IN",2491.4176,0.996848678859759
"Japan",1954,142.5772,"JP",644.8639,0.258018457748453
"Russian Federation",1954,560.3374,"RU",8852.3958,3.54195902685029
"Switzerland",1954,12.6042,"CH",519.7384,0.207954113109213
"United States",1954,2444.1005,"US",101668.9767,40.679083708977
"others",1954,1176.7607,NA,24842.7527,9.93990939464934
"China",1955,190.8907,"CN",2587.6858,1.0056881145011
"European Union (28)",1955,2313.166,NA,110825.5935,43.0716828779911
"India",1955,85.4408,"IN",2576.8584,1.00148011231979
"Japan",1955,141.9177,"JP",786.7816,0.305777812680412
"Russian Federation",1955,635.3838,"RU",9487.7796,3.68736698123321
"Switzerland",1955,13.6228,"CH",533.3612,0.207287538377359
"United States",1955,2680.0768,"US",104349.0535,40.5546155813777
"others",1955,1315.1334,NA,26157.8861,10.1661009815193
"China",1956,216.3482,"CN",2804.034,1.05747048704011
"European Union (28)",1956,2433.5499,NA,113259.1434,42.7128207193437
"India",1956,88.4563,"IN",2665.3147,1.00515601234656
"Japan",1956,160.6884,"JP",947.47,0.357314341536478
"Russian Federation",1956,696.6372,"RU",10184.4168,3.84079515216845
"Switzerland",1956,17.0669,"CH",550.4281,0.207580033261924
"United States",1956,2806.3712,"US",107155.4247,40.4109576226605
"others",1956,1440.1619,NA,27598.048,10.4079056316423
"China",1957,256.3444,"CN",3060.3784,1.11956877032213
"European Union (28)",1957,2488.5188,NA,115747.6622,42.3436094820545
"India",1957,99.2358,"IN",2764.5505,1.01134696408079
"Japan",1957,188.1317,"JP",1135.6017,0.415433659721528
"Russian Federation",1957,762.3508,"RU",10946.7676,4.00462215421926
"Switzerland",1957,17.7008,"CH",568.1289,0.207836839378249
"United States",1957,2785.054,"US",109940.4787,40.2191854924819
"others",1957,1591.7037,NA,29189.7517,10.6783966377417
"China",1958,525.381,"CN",3585.7594,1.2726190396788
"European Union (28)",1958,2458.0019,NA,118205.6641,41.9522789876913
"India",1958,103.7278,"IN",2868.2783,1.01797838853258
"Japan",1958,181.2214,"JP",1316.8231,0.467352647516969
"Russian Federation",1958,813.7349,"RU",11760.5025,4.17391066385829
"Switzerland",1958,16.2901,"CH",584.419,0.207415686214207
"United States",1958,2706.8276,"US",112647.3063,39.9795666061447
"others",1958,1603.6953,NA,30793.447,10.9288779803631
"China",1959,721.1595,"CN",4306.9189,1.48198583718091
"European Union (28)",1959,2477.8869,NA,120683.551,41.5265106019759
"India",1959,109.7331,"IN",2978.0114,1.02471646674454
"Japan",1959,192.6898,"JP",1509.5129,0.519414642063932
"Russian Federation",1959,855.5609,"RU",12616.0634,4.34111431254869
"Switzerland",1959,16.6089,"CH",601.0279,0.206810217752321
"United States",1959,2792.873,"US",115440.1793,39.7222967825619
"others",1959,1689.3759,NA,32482.8229,11.1771511391718
"China",1960,780.0876,"CN",5087.0065,1.69632280139605
"European Union (28)",1960,2648.5478,NA,123332.0988,41.126554750514
"India",1960,120.4833,"IN",3098.4947,1.03322989849036
"Japan",1960,232.5907,"JP",1742.1036,0.580925158848164
"Russian Federation",1960,890.7963,"RU",13506.8597,4.50402296210304
"Switzerland",1960,19.5071,"CH",620.535,0.206924773845738
"United States",1960,2858.0153,"US",118298.1946,39.4479395424337
"others",1960,1716.2279,NA,34199.0508,11.404080112369
"China",1961,551.6152,"CN",5638.6217,1.82371320573352
"European Union (28)",1961,2742.9273,NA,126075.0261,40.7767540091878
"India",1961,130.2918,"IN",3228.7865,1.04429431372282
"Japan",1961,282.8828,"JP",2024.9864,0.65494630347533
"Russian Federation",1961,918.6671,"RU",14425.5268,4.66568341068578
"Switzerland",1961,20.3718,"CH",640.9068,0.207290053667621
"United States",1961,2849.9508,"US",121148.1454,39.1832409356536
"others",1961,1802.5252,NA,36001.576,11.6440777678735
"China",1962,439.9988,"CN",6078.6205,1.90631531026231
"European Union (28)",1962,2901.7416,NA,128976.7677,40.4483857702015
"India",1962,143.31,"IN",3372.0965,1.05752270365158
"Japan",1962,292.9808,"JP",2317.9672,0.726937363838695
"Russian Federation",1962,964.2015,"RU",15389.7283,4.82637050282496
"Switzerland",1962,24.1348,"CH",665.0416,0.208563601567385
"United States",1962,2961.842,"US",124109.9874,38.9221154926651
"others",1962,1955.7425,NA,37957.3185,11.9037892549885
"China",1963,436.3348,"CN",6514.9553,1.97979770356337
"European Union (28)",1963,3099.7501,NA,132076.5178,40.1360829958552
"India",1963,153.822,"IN",3525.9185,1.07147402058946
"Japan",1963,324.9565,"JP",2642.9237,0.803145076368093
"Russian Federation",1963,1034.0412,"RU",16423.7695,4.99093848578733
"Switzerland",1963,29.0812,"CH",694.1228,0.210933561651755
"United States",1963,3096.0287,"US",127206.0161,38.6560102038191
"others",1963,2030.2255,NA,39987.544,12.1516179523656
"China",1964,436.5619,"CN",6951.5172,2.04539258097774
"European Union (28)",1964,3215.119,NA,135291.6368,39.8077861591215
"India",1964,150.0445,"IN",3675.963,1.08160380415209
"Japan",1964,359.028,"JP",3001.9517,0.883284836817137
"Russian Federation",1964,1099.7024,"RU",17523.4719,5.15605131743498
"Switzerland",1964,28.1432,"CH",722.266,0.212517278658603
"United States",1964,3234.9163,"US",130440.9324,38.3805301361808
"others",1964,2266.9647,NA,42254.5087,12.4328338866571
"China",1965,475.5835,"CN",7427.1007,2.11520543476814
"European Union (28)",1965,3273.4978,NA,138565.1346,39.4627375626263
"India",1965,165.0815,"IN",3841.0445,1.09391248749142
"Japan",1965,386.6033,"JP",3388.555,0.965045478918946
"Russian Federation",1965,1166.5949,"RU",18690.0668,5.32284837225103
"Switzerland",1965,30.3489,"CH",752.6149,0.214341395259051
"United States",1965,3370.9606,"US",133811.893,38.1090353750303
"others",1965,2398.1295,NA,44652.6382,12.7168738936548
"China",1966,522.3655,"CN",7949.4662,2.19019841790673
"European Union (28)",1966,3328.9543,NA,141894.0889,39.093971997654
"India",1966,170.7937,"IN",4011.8382,1.10532222635751
"Japan",1966,419.3961,"JP",3807.9511,1.04914824025369
"Russian Federation",1966,1232.0047,"RU",19922.0715,5.48883263139414
"Switzerland",1966,31.4994,"CH",784.1143,0.216035373459169
"United States",1966,3538.7315,"US",137350.6245,37.8421786960238
"others",1966,2583.6468,NA,47236.285,13.0143124169509
"China",1967,432.8796,"CN",8382.3458,2.23439707394428
"European Union (28)",1967,3364.3234,NA,145258.4123,38.7200646636306
"India",1967,170.6435,"IN",4182.4817,1.11488181176032
"Japan",1967,489.4848,"JP",4297.4359,1.14552398928986
"Russian Federation",1967,1288.2464,"RU",21210.3179,5.65381975212572
"Switzerland",1967,32.5327,"CH",816.647,0.217685324702946
"United States",1967,3666.301,"US",141016.9255,37.5894544596119
"others",1967,2749.3806,NA,49985.6656,13.3241729249344
"China",1968,468.545,"CN",8850.8908,2.28145975314202
"European Union (28)",1968,3550.4552,NA,148808.8675,38.3578839445058
"India",1968,185.8124,"IN",4368.2941,1.12599820789087
"Japan",1968,562.1089,"JP",4859.5448,1.25262599328314
"Russian Federation",1968,1324.4465,"RU",22534.7644,5.80869871596853
"Switzerland",1968,35.9988,"CH",852.6458,0.219783197007197
"United States",1968,3800.4034,"US",144817.3289,37.3290005388928
"others",1968,2870.5818,NA,52856.2474,13.6245496493096
"China",1969,576.7649,"CN",9427.6557,2.3480770327713
"European Union (28)",1969,3772.4869,NA,152581.3544,38.0023184232087
"India",1969,189.3042,"IN",4557.5983,1.13512756865183
"Japan",1969,653.4268,"JP",5512.9716,1.37307538673485
"Russian Federation",1969,1379.3174,"RU",23914.0818,5.95610489195042
"Switzerland",1969,38.069,"CH",890.7148,0.221843799899214
"United States",1969,3993.1408,"US",148810.4697,37.0631318386479
"others",1969,2954.29,NA,55810.5374,13.9003210581358
"China",1970,770.9862,"CN",10198.6419,2.45137971238212
"European Union (28)",1970,3942.5322,NA,156523.8866,37.622605428909
"India",1970,193.5618,"IN",4751.1601,1.14200474863417
"Japan",1970,768.1539,"JP",6281.1255,1.50975235453909
"Russian Federation",1970,1450.7816,"RU",25364.8634,6.09678348899609
"Switzerland",1970,40.26,"CH",930.9748,0.223772219853998
"United States",1970,4299.1141,"US",153109.5838,36.8019321767332
"others",1970,3066.0342,NA,58876.5716,14.1517698699523
"China",1971,826.9953,"CN",11025.6372,2.56154392098691
"European Union (28)",1971,3889.343,NA,160413.2296,37.2681891916195
"India",1971,208.2033,"IN",4959.3634,1.15218984071369
"Japan",1971,788.4061,"JP",7069.5316,1.64243710959444
"Russian Federation",1971,1526.444,"RU",26891.3074,6.24755410942239
"Switzerland",1971,41.5414,"CH",972.5162,0.225940951528071
"United States",1971,4327.6266,"US",157437.2104,36.5767820872301
"others",1971,2783.9963,NA,61660.5679,14.3253627889049
"China",1972,879.761,"CN",11905.3982,2.67216258774668
"European Union (28)",1972,4001.4439,NA,164414.6735,36.9028176985534
"India",1972,216.592,"IN",5175.9554,1.16174143387538
"Japan",1972,831.3846,"JP",7900.9162,1.77335796114419
"Russian Federation",1972,1607.5907,"RU",28498.8981,6.39656801188095
"Switzerland",1972,42.2469,"CH",1014.7631,0.227763233593132
"United States",1972,4570.2028,"US",162007.4132,36.3625089407474
"others",1972,2955.6141,NA,64616.182,14.5030801324588
"China",1973,915.2676,"CN",12820.6658,2.77795225809005
"European Union (28)",1973,4221.9464,NA,168636.6199,36.5397933583043
"India",1973,216.1782,"IN",5392.1336,1.1683550561035
"Japan",1973,946.4863,"JP",8847.4025,1.91703474191696
"Russian Federation",1973,1673.9138,"RU",30172.8119,6.53777520279262
"Switzerland",1973,45.8489,"CH",1060.612,0.229810958831593
"United States",1973,4737.2395,"US",166744.6527,36.12984627463
"others",1973,3223.8993,NA,67840.0813,14.6994321493309
"China",1974,933.4276,"CN",13754.0934,2.88056114923835
"European Union (28)",1974,4144.439,NA,172781.0589,36.1860568426562
"India",1974,233.0292,"IN",5625.1628,1.17809476412461
"Japan",1974,931.1412,"JP",9778.5437,2.0479498182228
"Russian Federation",1974,1737.0895,"RU",31909.9014,6.68298662628439
"Switzerland",1974,41.1661,"CH",1101.7781,0.230748701324192
"United States",1974,4585.7381,"US",171330.3908,35.8822390592682
"others",1974,3358.6433,NA,71198.7246,14.9113630388812
"China",1975,1083.4138,"CN",14837.5072,3.0064844573004
"European Union (28)",1975,4049.5274,NA,176830.5863,35.8307094392693
"India",1975,249.8101,"IN",5874.9729,1.19043006839525
"Japan",1975,888.9362,"JP",10667.4799,2.16152296242285
"Russian Federation",1975,1825.2789,"RU",33735.1803,6.83566948740396
"Switzerland",1975,38.566,"CH",1140.3441,0.231064879457933
"United States",1975,4392.3477,"US",175722.7385,35.6062291982923
"others",1975,3509.3099,NA,74708.0345,15.137889507458
"China",1976,1134.8771,"CN",15972.3843,3.12923950310732
"European Union (28)",1976,4298.0645,NA,181128.6508,35.4859311285098
"India",1976,267.9976,"IN",6142.9705,1.20350384726361
"Japan",1976,919.4501,"JP",11586.93,2.27006052413473
"Russian Federation",1976,1894.3339,"RU",35629.5142,6.98037820885409
"Switzerland",1976,40.276,"CH",1180.6201,0.231301913708808
"United States",1976,4661.8058,"US",180384.5443,35.340149045473
"others",1976,3690.187,NA,78398.2215,15.3594358289487
"China",1977,1281.7992,"CN",17254.1835,3.2681794716357
"European Union (28)",1977,4298.187,NA,185426.8378,35.1223913196635
"India",1977,272.9171,"IN",6415.8876,1.21525728219142
"Japan",1977,947.9058,"JP",12534.8358,2.37427016131387
"Russian Federation",1977,1957.9633,"RU",37587.4775,7.11958478684712
"Switzerland",1977,40.7573,"CH",1221.3774,0.231345664418127
"United States",1977,4853.3293,"US",185237.8736,35.0865989033308
"others",1977,3868.103,NA,82266.3245,15.5823724105995
"China",1978,1456.1207,"CN",18710.3042,3.42646321322089
"European Union (28)",1978,4441.3968,NA,189868.2346,34.7710285338971
"India",1978,259.0362,"IN",6674.9238,1.2223949224595
"Japan",1978,949.2872,"JP",13484.123,2.4693800233374
"Russian Federation",1978,2024.3792,"RU",39611.8567,7.25421502179145
"Switzerland",1978,41.883,"CH",1263.2604,0.231343929155289
"United States",1978,4872.8605,"US",190110.7341,34.8154380532236
"others",1978,4063.2104,NA,86329.5349,15.8097363029148
"China",1979,1486.6732,"CN",20196.9774,3.57643930500343
"European Union (28)",1979,4613.787,NA,194482.0216,34.4384772231694
"India",1979,279.6714,"IN",6954.5952,1.23150544415959
"Japan",1979,974.8318,"JP",14458.9548,2.56036203991534
"Russian Federation",1979,2052.3627,"RU",41664.2194,7.37781445823901
"Switzerland",1979,40.5702,"CH",1303.8306,0.230879646620103
"United States",1979,4907.5747,"US",195018.3088,34.5334418598506
"others",1979,4314.615,NA,90644.1499,16.0510800230426
"China",1980,1465.2447,"CN",21662.2221,3.71268515685268
"European Union (28)",1980,4488.7267,NA,198970.7483,34.1015681794381
"India",1980,296.2162,"IN",7250.8114,1.24271553193604
"Japan",1980,924.5288,"JP",15383.4836,2.63657306063752
"Russian Federation",1980,2133.7237,"RU",43797.9431,7.50652322265906
"Switzerland",1980,41.3478,"CH",1345.1784,0.230549934163903
"United States",1980,4703.2822,"US",199721.591,34.2302550027267
"others",1980,4688.9705,NA,95333.1204,16.339129911586
"China",1981,1451.0075,"CN",23113.2296,3.83990201718695
"European Union (28)",1981,4316.0083,NA,203286.7566,33.7729188107807
"India",1981,329.9871,"IN",7580.7985,1.2594312415794
"Japan",1981,898.8216,"JP",16282.3052,2.70505064259534
"Russian Federation",1981,2093.247,"RU",45891.1901,7.62410431106953
"Switzerland",1981,39.0754,"CH",1384.2538,0.229972143698979
"United States",1981,4634.2823,"US",204355.8733,33.950535848468
"others",1981,4694.8522,NA,100027.9726,16.6180849846211
"China",1982,1513.4272,"CN",24626.6568,3.97094751042037
"European Union (28)",1982,4202.258,NA,207489.0146,33.4567534950764
"India",1982,352.7023,"IN",7933.5008,1.27924449942706
"Japan",1982,873.1687,"JP",17155.4739,2.76624987819243
"Russian Federation",1982,2133.0974,"RU",48024.2875,7.74371959769372
"Switzerland",1982,36.9345,"CH",1421.1883,0.229160790583786
"United States",1982,4399.725,"US",208755.5983,33.6609849273451
"others",1982,4737.1036,NA,104765.0762,16.8929393012612
"China",1983,1597.1283,"CN",26223.7851,4.10655571058919
"European Union (28)",1983,4176.2525,NA,211665.2671,33.1460621732631
"India",1983,376.388,"IN",8309.8888,1.30130037200469
"Japan",1983,879.8377,"JP",18035.3116,2.82426856233029
"Russian Federation",1983,2168.4764,"RU",50192.7639,7.86001641020921
"Switzerland",1983,40.8508,"CH",1462.0391,0.228950359084878
"United States",1983,4372.2924,"US",213127.8907,33.3751040630635
"others",1983,4801.4267,NA,109566.5029,17.1577423494552
"China",1984,1738.0051,"CN",27961.7902,4.25228178746713
"European Union (28)",1984,4192.9142,NA,215858.1813,32.8265753534539
"India",1984,412.2647,"IN",8722.1535,1.32641916738016
"Japan",1984,937.5964,"JP",18972.908,2.885299924169
"Russian Federation",1984,2188.3241,"RU",52381.088,7.96583998796018
"Switzerland",1984,40.3048,"CH",1502.3439,0.22846854792875
"United States",1984,4563.3889,"US",217691.2796,33.1053432885529
"others",1984,4915.1836,NA,114481.6865,17.409771943088
"China",1985,1795.4993,"CN",29757.2895,4.39641354618048
"European Union (28)",1985,4249.8802,NA,220108.0615,32.5192945816563
"India",1985,435.3131,"IN",9157.4666,1.35294614816767
"Japan",1985,914.3692,"JP",19887.2772,2.93819418192394
"Russian Federation",1985,2360.0991,"RU",54741.1871,8.08759468836839
"Switzerland",1985,43.5415,"CH",1545.8854,0.228392828365723
"United States",1985,4586.7505,"US",222278.0301,32.8398909635219
"others",1985,4896.8558,NA,119378.5423,17.6372730618157
"China",1986,1907.8151,"CN",31665.1046,4.54615993306027
"European Union (28)",1986,4294.4113,NA,224402.4728,32.2174691544523
"India",1986,473.6039,"IN",9631.0705,1.3827330549724
"Japan",1986,912.5815,"JP",20799.8587,2.98623628217085
"Russian Federation",1986,2367.6387,"RU",57108.8258,8.19911568130675
"Switzerland",1986,43.5174,"CH",1589.4028,0.228190603445971
"United States",1986,4563.6491,"US",226841.6792,32.5676660839816
"others",1986,5107.2542,NA,124485.7965,17.8724292066098
"China",1987,2054.9579,"CN",33720.0625,4.70383076065666
"European Union (28)",1987,4339.2996,NA,228741.7724,31.9086770750275
"India",1987,508.6134,"IN",10139.6839,1.41445043383757
"Japan",1987,919.5228,"JP",21719.3815,3.02977774143026
"Russian Federation",1987,2468.3135,"RU",59577.1393,8.31080252212661
"Switzerland",1987,42.011,"CH",1631.4138,0.227576518157396
"United States",1987,4711.5441,"US",231553.2233,32.3008646406791
"others",1987,5295.3813,NA,129781.1778,18.1040203080849
"China",1988,2216.784,"CN",35936.8465,4.86980951234109
"European Union (28)",1988,4323.5031,NA,233065.2755,31.5827237547484
"India",1988,541.1341,"IN",10680.818,1.44735985935727
"Japan",1988,990.9142,"JP",22710.2957,3.07747687399168
"Russian Federation",1988,2528.0114,"RU",62105.1507,8.41588183437956
"Switzerland",1988,42.0432,"CH",1673.457,0.226770504671126
"United States",1988,4922.5858,"US",236475.8091,32.0448858692633
"others",1988,5522.9604,NA,135304.1382,18.3350917912475
"China",1989,2294.7383,"CN",38231.5848,5.03403029255175
"European Union (28)",1989,4318.93,NA,237384.2055,31.256859680594
"India",1989,583.4193,"IN",11264.2373,1.48318496571168
"Japan",1989,1020.0451,"JP",23730.3408,3.12462209099364
"Russian Federation",1989,2475.1463,"RU",64580.297,8.50341865503805
"Switzerland",1989,41.8524,"CH",1715.3094,0.22585826681971
"United States",1989,4980.8707,"US",241456.6798,31.7930906294046
"others",1989,5795.9553,NA,141100.0935,18.5789354188865
"China",1990,2349.5038,"CN",40581.0886,5.1948721604515
"European Union (28)",1990,4188.361,NA,241572.5665,30.9242221865795
"India",1990,614.9176,"IN",11879.1549,1.52067608850939
"Japan",1990,1098.8054,"JP",24829.1462,3.17843224053285
"Russian Federation",1990,2222.8209,"RU",66803.1179,8.55161035305665
"Switzerland",1990,44.1878,"CH",1759.4972,0.225237009060234
"United States",1990,4912.6814,"US",246369.3612,31.5382701607985
"others",1990,6281.8595,NA,147381.953,18.8666798010113
"China",1991,2479.5967,"CN",43060.6853,5.36162438926934
"European Union (28)",1991,4161.7191,NA,245734.2856,30.5971660639743
"India",1991,658.4543,"IN",12537.6092,1.56109803644597
"Japan",1991,1108.7412,"JP",25937.8874,3.22960976401279
"Russian Federation",1991,2213.0351,"RU",69016.153,8.59342313296496
"Switzerland",1991,46.2613,"CH",1805.7585,0.224840797290572
"United States",1991,4878.6746,"US",251248.0358,31.2837008309595
"others",1991,6405.2326,NA,153787.1856,19.1485369850826
"China",1992,2615.5976,"CN",45676.2829,5.53647852378749
"European Union (28)",1992,4027.0386,NA,249761.3242,30.2738778138627
"India",1992,687.0026,"IN",13224.6118,1.602971489086
"Japan",1992,1118.1053,"JP",27055.9927,3.2794902083265
"Russian Federation",1992,2039.9103,"RU",71056.0633,8.6127929741265
"Switzerland",1992,46.2615,"CH",1852.02,0.224485625900721
"United States",1992,4934.9574,"US",256182.9932,31.0522562248908
"others",1992,6409.5785,NA,160196.7641,19.4176471400194
"China",1993,2844.2972,"CN",48520.5801,5.72842814882545
"European Union (28)",1993,3947.6254,NA,253708.9496,29.953341149307
"India",1993,708.8264,"IN",13933.4382,1.64500711719231
"Japan",1993,1113.2527,"JP",28169.2454,3.32571246980066
"Russian Federation",1993,1853.0639,"RU",72909.1272,8.6077844843981
"Switzerland",1993,43.8932,"CH",1895.9132,0.223834969001324
"United States",1993,5057.4051,"US",261240.3983,30.8425177140883
"others",1993,6439.439,NA,166636.2031,19.6733739473868
"China",1994,2984.8739,"CN",51505.454,5.92568862861183
"European Union (28)",1994,3935.2164,NA,257644.166,29.6418919964161
"India",1994,747.196,"IN",14680.6342,1.68900301586993
"Japan",1994,1167.9371,"JP",29337.1825,3.37523495542356
"Russian Federation",1994,1630.1762,"RU",74539.3034,8.57572680636942
"Switzerland",1994,43.0564,"CH",1938.9696,0.223077930930267
"United States",1994,5140.2143,"US",266380.6126,30.6470178277911
"others",1994,6526.8166,NA,173163.0197,19.9223588385878
"China",1995,3258.7787,"CN",54764.2327,6.13969960602211
"European Union (28)",1995,3974.6477,NA,261618.8137,29.3304744394212
"India",1995,808.6786,"IN",15489.3128,1.73652990295093
"Japan",1995,1181.7519,"JP",30518.9344,3.42152314154298
"Russian Federation",1995,1576.9181,"RU",76116.2215,8.53350283780096
"Switzerland",1995,43.8442,"CH",1982.8138,0.22229620514112
"United States",1995,5193.6996,"US",271574.3122,30.4466001880104
"others",1995,6741.592,NA,179904.6117,20.1693736791103
"China",1996,3335.3225,"CN",58099.5552,6.34724860157389
"European Union (28)",1996,4091.3099,NA,265710.1236,29.0282465096071
"India",1996,853.0397,"IN",16342.3525,1.78536606166741
"Japan",1996,1198.1261,"JP",31717.0605,3.46501909027798
"Russian Federation",1996,1540.6536,"RU",77656.8751,8.4838427795928
"Switzerland",1996,44.5437,"CH",2027.3575,0.221484347211755
"United States",1996,5359.2681,"US",276933.5803,30.2543844653741
"others",1996,6958.7219,NA,186863.3336,20.414408144695
"China",1997,3317.7461,"CN",61417.3013,6.54091534935746
"European Union (28)",1997,4010.2763,NA,269720.3999,28.7251029660716
"India",1997,897.9191,"IN",17240.2716,1.83608127919374
"Japan",1997,1193.1347,"JP",32910.1952,3.50492119285011
"Russian Federation",1997,1439.724,"RU",79096.5991,8.42375272413938
"Switzerland",1997,43.197,"CH",2070.5545,0.220513135941569
"United States",1997,5538.4548,"US",282472.0351,30.0831464594136
"others",1997,7180.3561,NA,194043.6897,20.6655668930326
"China",1998,3406.1909,"CN",64823.4922,6.73355842487486
"European Union (28)",1998,4017.1011,NA,273737.501,28.4345596558703
"India",1998,913.3627,"IN",18153.6343,1.88571385209732
"Japan",1998,1156.6075,"JP",34066.8027,3.53869868074054
"Russian Federation",1998,1429.5059,"RU",80526.105,8.36467173154099
"Switzerland",1998,45.0754,"CH",2115.6299,0.219761648957601
"United States",1998,5527.8655,"US",287999.9006,29.9160704126374
"others",1998,7226.194,NA,201269.8837,20.906965593281
"China",1999,3325.5182,"CN",68149.0104,6.90760019394784
"European Union (28)",1999,3957.7691,NA,277695.2701,28.147259811144
"India",1999,981.0162,"IN",19134.6505,1.93949280743956
"Japan",1999,1195.8929,"JP",35262.6956,3.574235363595
"Russian Federation",1999,1470.3604,"RU",81996.4654,8.31118158540534
"Switzerland",1999,45.1597,"CH",2160.7896,0.219018157012599
"United States",1999,5555.7168,"US",293555.6174,29.7548684534782
"others",1999,7355.739,NA,208625.6227,21.1463436279774
"China",2000,3607.5575,"CN",71756.5679,7.09520959859229
"European Union (28)",2000,3975.71,NA,281670.9801,27.851313129072
"India",2000,1029.8078,"IN",20164.4583,1.99383920200807
"Japan",2000,1211.0103,"JP",36473.7059,3.60647945925396
"Russian Federation",2000,1512.8636,"RU",83509.329,8.25730954020171
"Switzerland",2000,44.3296,"CH",2205.1192,0.218039733111039
"United States",2000,5747.8546,"US",299303.472,29.5947943104787
"others",2000,7628.9852,NA,216254.6079,21.3830150272822
"China",2001,3725.5473,"CN",75482.1152,7.2835470943649
"European Union (28)",2001,4048.833,NA,285719.8131,27.570156307795
"India",2001,1048.1703,"IN",21212.6286,2.04688460298171
"Japan",2001,1194.5759,"JP",37668.2818,3.63475114240185
"Russian Federation",2001,1515.6909,"RU",85025.0199,8.2043770898588
"Switzerland",2001,45.3376,"CH",2250.4568,0.217154859044461
"United States",2001,5728.176,"US",305031.648,29.4336263311251
"others",2001,7692.7273,NA,223947.3352,21.6095025724282
"China",2002,3966.6604,"CN",79448.7756,7.48262520929621
"European Union (28)",2002,4021.3584,NA,289741.1715,27.2883323583519
"India",2002,1084.5234,"IN",22297.152,2.09998493231291
"Japan",2002,1228.8536,"JP",38897.1354,3.66340052084387
"Russian Federation",2002,1514.7774,"RU",86539.7973,8.15047008583936
"Switzerland",2002,44.3496,"CH",2294.8064,0.216128896756645
"United States",2002,5656.2335,"US",310687.8815,29.2611302915376
"others",2002,7922.7063,NA,231870.0415,21.8379277050615
"China",2003,4606.2084,"CN",84054.984,7.72287907165188
"European Union (28)",2003,4132.1817,NA,293873.3532,27.0007590405875
"India",2003,1115.4326,"IN",23412.5846,2.15112240840613
"Japan",2003,1234.4257,"JP",40131.5611,3.68724349923032
"Russian Federation",2003,1547.9598,"RU",88087.7571,8.09340580894458
"Switzerland",2003,45.569,"CH",2340.3754,0.215031106263358
"United States",2003,5733.5668,"US",316421.4483,29.0724531087633
"others",2003,8197.124,NA,240067.1655,22.0571059561529
"China",2004,5320.6349,"CN",89375.6189,8.0066409016165
"European Union (28)",2004,4135.4186,NA,298008.7718,26.6968693554342
"India",2004,1200.1972,"IN",24612.7818,2.20491570170757
"Japan",2004,1234.6532,"JP",41366.2143,3.70575809639975
"Russian Federation",2004,1556.9974,"RU",89644.7545,8.03075119175561
"Switzerland",2004,46.0599,"CH",2386.4353,0.213786832664288
"United States",2004,5820.2978,"US",322241.7461,28.8677603163717
"others",2004,8565.1193,NA,248632.2848,22.2735176040503
"China",2005,5935.7037,"CN",95311.3226,8.32295569571933
"European Union (28)",2005,4116.9205,NA,302125.6923,26.3827914979687
"India",2005,1265.2419,"IN",25878.0237,2.25976976158208
"Japan",2005,1242.7881,"JP",42609.0024,3.72078394822315
"Russian Federation",2005,1562.6682,"RU",91207.4227,7.96458718172111
"Switzerland",2005,46.6242,"CH",2433.0595,0.21246422640188
"United States",2005,5830.4835,"US",328072.2296,28.648544133797
"others",2005,8892.9227,NA,257525.2075,22.4881035545868
"China",2006,6529.7785,"CN",101841.1011,8.667250558601
"European Union (28)",2006,4138.0079,NA,306263.7002,26.0647636167168
"India",2006,1364.5367,"IN",27242.5604,2.31849512912053
"Japan",2006,1227.932,"JP",43836.9344,3.73076969967831
"Russian Federation",2006,1621.6612,"RU",92829.0839,7.90027720239068
"Switzerland",2006,46.2715,"CH",2479.331,0.211005014307596
"United States",2006,5741.3823,"US",333813.6119,28.4094160703148
"others",2006,9178.9347,NA,266704.1422,22.6980227088703
"China",2007,6994.716,"CN",108835.8171,9.02510427367852
"European Union (28)",2007,4090.6062,NA,310354.3064,25.7358289915864
"India",2007,1490.4657,"IN",28733.0261,2.38265824211675
"Japan",2007,1262.7471,"JP",45099.6815,3.73984722210709
"Russian Federation",2007,1626.3681,"RU",94455.452,7.83262648484712
"Switzerland",2007,44.2532,"CH",2523.5842,0.20926576521662
"United States",2007,5818.1865,"US",339631.7984,28.163636538885
"others",2007,9585.2906,NA,276289.4328,22.9110324815625
"China",2008,7187.6056,"CN",116023.4227,9.3788930632472
"European Union (28)",2008,3992.3396,NA,314346.646,25.4105895948924
"India",2008,1577.4603,"IN",30310.4864,2.45018466120987
"Japan",2008,1174.5979,"JP",46274.2794,3.74063708837149
"Russian Federation",2008,1647.6993,"RU",96103.1513,7.76861394112075
"Switzerland",2008,45.7932,"CH",2569.3774,0.207698715594986
"United States",2008,5638.2693,"US",345270.0677,27.9103216190365
"others",2008,9882.6062,NA,286172.039,23.1330613165268
"China",2009,7612.1518,"CN",123635.5745,9.75207038162166
"European Union (28)",2009,3675.2027,NA,318021.8487,25.0847821426659
"India",2009,1779.4282,"IN",32089.9146,2.5311736285047
"Japan",2009,1112.5478,"JP",47386.8272,3.73775651453897
"Russian Federation",2009,1535.1824,"RU",97638.3337,7.7014718946177
"Switzerland",2009,44.3532,"CH",2613.7306,0.206164648588244
"United States",2009,5224.0551,"US",350494.1228,27.6461153491898
"others",2009,9735.5725,NA,295907.6115,23.3404654402731
"China",2010,8159.6833,"CN",131795.2578,10.1370994231172
"European Union (28)",2010,3784.6229,NA,321806.4716,24.7519087717262
"India",2010,1860.7368,"IN",33950.6514,2.61133165537457
"Japan",2010,1159.7273,"JP",48546.5545,3.73398298111054
"Russian Federation",2010,1636.502,"RU",99274.8357,7.63577458326822
"Switzerland",2010,45.8232,"CH",2659.5538,0.204560935968131
"United States",2010,5469.9155,"US",355964.0383,27.3791554228546
"others",2010,10222.9249,NA,306130.5364,23.5461862265805
"China",2011,9000.7301,"CN",140795.9879,10.5583882113243
"European Union (28)",2011,3654.7955,NA,325461.2671,24.4065648250714
"India",2011,1950.061,"IN",35900.7124,2.69221917638396
"Japan",2011,1208.9501,"JP",49755.5046,3.73119959632836
"Russian Federation",2011,1712.8704,"RU",100987.7061,7.57313771136886
"Switzerland",2011,41.7543,"CH",2701.3081,0.202572956968434
"United States",2011,5334.3187,"US",361298.357,27.0940129063127
"others",2011,10467.4943,NA,316598.0307,23.7419046162421
"China",2012,9312.5329,"CN",150108.5208,10.9781261152871
"European Union (28)",2012,3610.5137,NA,329071.7808,24.0665319420328
"India",2012,2075.1808,"IN",37975.8932,2.77735162979684
"Japan",2012,1249.2135,"JP",51004.7181,3.7302094830613
"Russian Federation",2012,1721.5376,"RU",102709.2437,7.51159910533442
"Switzerland",2012,43.1536,"CH",2744.4617,0.200715099320165
"United States",2012,5122.9094,"US",366421.2664,26.798071504695
"others",2012,10708.0082,NA,327306.0389,23.9373951204724
